{"cameraMode":{"drawMode":0,"name":"Shaded","section":"Shading Mode"},"sceneLighting":true,"audioPlay":false,"sceneViewState":{"showFog":true,"showMaterialUpdate":false,"showSkybox":true,"showFlares":true,"showImageEffects":true,"showParticleSystems":true},"in2DMode":false,"pivot":{"x":1.0473042726516724,"y":0.786751389503479,"z":-0.588860809803009},"rotation":{"x":0.018075155094265939,"y":0.9539738297462463,"z":-0.058743346482515338,"w":0.29353177547454836},"size":1.990792989730835,"orthographic":false}