{"cameraMode":{"drawMode":0,"name":"Shaded","section":"Shading Mode"},"sceneLighting":true,"audioPlay":false,"sceneViewState":{"showFog":true,"showMaterialUpdate":false,"showSkybox":true,"showFlares":true,"showImageEffects":true,"showParticleSystems":true},"in2DMode":false,"pivot":{"x":0.4218676686286926,"y":0.4394792914390564,"z":-1.0640186071395875},"rotation":{"x":0.010213199071586132,"y":0.9869779348373413,"z":-0.14462728798389436,"w":0.06969764083623886},"size":2.290792942047119,"orthographic":false}